Category,Keywords,ResponseStrategies
Trust Issues,I’ve had bad experiences,Demonstrate credibility
Price,Too expensive,Highlight cost-saving benefits
Timing,I’ll think about it,Follow up later
Lack of Need,Not relevant to me,Educate on potential benefits
Trust Issues,Not sure if it’ll work,Demonstrate credibility
Product Features,Not customizable,Provide a demo or trial
Lack of Need,I don’t need it,Explore hidden needs
Trust Issues,I’ve had bad experiences,"Share customer reviews,Demonstrate credibility"
Price,Price is too high,Offer discounts or flexible payment options
Price,too high,Emphasize value over cost
Competitor Comparison,I prefer another company,Address competitor weaknesses
Competitor Comparison,Other brands are more reliable,Highlight USP (Unique Selling Proposition)
Timing,Not the right time,Create urgency
Price,Over my budget,Highlight cost-saving benefits
Trust Issues,Can’t trust this brand,Share customer reviews
Competitor Comparison,Your competitor offers better value,Provide testimonials or case studies
Product Features,Lacks key features,Provide a demo or trial
Timing,Too soon,Follow up later
Product Features,Lacks key features,Focus on unique features
Trust Issues,Not sure if it’ll work,Share customer reviews
Timing,Not the right time,Follow up later
Product Features,Outdated technology,Provide a demo or trial
Lack of Need,Not relevant to me,Tailor the pitch to their goals
Trust Issues,Is it genuine?,Demonstrate credibility
Product Features,Lacks key features,Provide a demo or trial
Competitor Comparison,Other brands are more reliable,Address competitor weaknesses
Timing,Maybe later,Offer flexible timelines
Trust Issues,Can’t trust this brand,Share customer reviews
Trust Issues,Not sure if it’ll work,Demonstrate credibility
Timing,Too soon,Follow up later
Lack of Need,I don’t need it,Tailor the pitch to their goals
Product Features,Outdated technology,Provide a demo or trial
Lack of Need,Doesn’t solve my problem,Educate on potential benefits
Product Features,Outdated technology,Showcase versatility
Price,Can’t afford it,Emphasize value over cost
Timing,I’ll think about it,Offer flexible timelines
